{
  "usdeur_lightgbm_20251110131206": {
    "model_id": "usdeur_lightgbm_20251110131206",
    "model_type": "lightgbm",
    "currency_pair": "USD/EUR",
    "trained_at": "2025-11-10T13:12:06.652466",
    "version": "1.0",
    "validation_metrics": {
      "1d": {
        "rmse": 0.471792912747643,
        "mae": 0.3490906448417098,
        "r2": 0.0649141805025405,
        "directional_accuracy": 0.5757307351638619,
        "quantile_coverage": 0.7936226749335695,
        "n_samples": 1129
      },
      "7d": {
        "rmse": 1.2360775273535483,
        "mae": 0.9390856565902833,
        "r2": 0.0029535117544716716,
        "directional_accuracy": 0.4521276595744681,
        "quantile_coverage": 0.625,
        "n_samples": 1128
      },
      "30d": {
        "rmse": 2.5366152704684324,
        "mae": 2.034180890562915,
        "r2": 0.0008563258340515967,
        "directional_accuracy": 0.4906500445235975,
        "quantile_coverage": 0.3579697239536955,
        "n_samples": 1123
      }
    },
    "min_samples": 1123,
    "calibration_ok": false,
    "features_used": [
      "Open",
      "High",
      "Low",
      "Close",
      "sma_5",
      "sma_20",
      "sma_50",
      "ema_12",
      "ema_26",
      "rsi_14",
      "macd",
      "macd_signal",
      "bb_upper",
      "bb_middle",
      "bb_lower",
      "atr_14",
      "volatility_20"
    ],
    "horizons": [
      1,
      7,
      30
    ],
    "model_path": "/home/spandan/projects/spec_project_2/currency_assistant/data/models/prediction/usdeur_lightgbm_20251110131206.pkl",
    "scaler_path": null
  }
}