{
  "model_name": "LSTM_EUR/GBP",
  "model_type": "lstm",
  "currency_pair": "EUR/GBP",
  "model_id": "lstm_eurgbp",
  "created": "2025-09-01T19:40:13.442735",
  "file_path": "models/lstm_eurgbp/model.pth",
  "directory": "models/lstm_eurgbp",
  "model_info": {
    "model_type": "LSTMModel",
    "model_version": "1.0",
    "is_trained": true,
    "config": {
      "input_size": 80,
      "hidden_size": 128,
      "num_layers": 2,
      "dropout": 0.2,
      "bidirectional": false,
      "batch_size": 32,
      "learning_rate": 0.001,
      "epochs": 100,
      "patience": 15,
      "sequence_length": 30,
      "prediction_horizons": [
        1,
        7,
        30
      ],
      "train_test_split": 0.7,
      "validation_split": 0.15,
      "device": "cuda"
    },
    "parameter_count": 254278,
    "trainable_parameters": 254278,
    "architecture": {
      "input_size": 80,
      "hidden_size": 128,
      "num_layers": 2,
      "dropout": 0.2,
      "bidirectional": false,
      "output_size": 3
    },
    "prediction_horizons": [
      1,
      7,
      30
    ],
    "device": "cuda",
    "training_history_length": 35
  },
  "training_samples": 85,
  "features_count": 80,
  "performance_metrics": {
    "mse": 0.0003060771559830755,
    "mae": 0.015196477994322777,
    "rmse": 0.017495060902525474,
    "r2": -2.5926887567720382,
    "directional_accuracy": 0.48433048433048437,
    "mean_uncertainty": 0.0005649197264574468,
    "directional_accuracy_1d": 0.45726495726495725,
    "directional_accuracy_7d": 0.4658119658119658,
    "directional_accuracy_30d": 0.5299145299145299
  },
  "training_history": {
    "loss": [
      0.07590172191460927,
      0.07030308494965236,
      0.06288993979493777,
      0.05668447042504946,
      0.04733231539527575,
      0.03836896394689878,
      0.03002047787110011,
      0.02267737252016862,
      0.016473195515573025,
      0.011615839476386705,
      0.007880312701066336,
      0.0054341577924788,
      0.003937829130639632,
      0.0029774769209325314,
      0.002197970791409413,
      0.0018892552082737286,
      0.0013358952710404992,
      0.0011424891805897157,
      0.0010525496521343787,
      0.0008989142758461336,
      0.000858018989674747,
      0.0007532224214325348,
      0.0006430011708289385,
      0.000716939529714485,
      0.0007657292687023679,
      0.0006607466105682155,
      0.0005242873060827454,
      0.0005014509273072084,
      0.0004686801403295249,
      0.00048663487541489303,
      0.0004471972254881014,
      0.00047843754873611033,
      0.00042666417236129445,
      0.00044790095610854525,
      0.0004205994482617825
    ],
    "val_loss": [
      0.0057776146568357944,
      0.0011316442396491766,
      0.001971190795302391,
      0.00023969978792592883,
      0.0004023882793262601,
      0.00029175341478548944,
      0.0002764104283414781,
      0.00037395229446701705,
      0.00020468533330131322,
      0.0001605666766408831,
      0.0002377342461841181,
      0.00015741439710836858,
      0.0002751910360530019,
      0.00011335252202115953,
      0.00015395005175378174,
      0.00016245072765741497,
      0.00010590436431812122,
      0.00019275066733825952,
      0.00013251199561636895,
      0.00010503024532226846,
      0.00022616094793193042,
      0.00014469113375525922,
      0.00013346319610718638,
      0.0001224996376549825,
      0.0001320710580330342,
      0.0001359391026198864,
      0.0001552676985738799,
      0.00011093055945821106,
      0.00017657046555541456,
      0.0001111721430788748,
      0.00017457795911468565,
      0.0001845407095970586,
      0.00012052656529704109,
      0.00015038522542454302,
      0.0002759556518867612
    ]
  },
  "data_days": 365
}