{
  "model_name": "LSTM_EUR/CAD",
  "model_type": "lstm",
  "currency_pair": "EUR/CAD",
  "model_id": "lstm_eurcad",
  "created": "2025-09-01T20:13:08.251410",
  "file_path": "models/lstm_eurcad/model.pth",
  "directory": "models/lstm_eurcad",
  "model_info": {
    "model_type": "LSTMModel",
    "model_version": "1.0",
    "is_trained": true,
    "config": {
      "input_size": 80,
      "hidden_size": 128,
      "num_layers": 2,
      "dropout": 0.2,
      "bidirectional": false,
      "batch_size": 32,
      "learning_rate": 0.001,
      "epochs": 100,
      "patience": 15,
      "sequence_length": 30,
      "prediction_horizons": [
        1,
        7,
        30
      ],
      "train_test_split": 0.7,
      "validation_split": 0.15,
      "device": "cuda"
    },
    "parameter_count": 254278,
    "trainable_parameters": 254278,
    "architecture": {
      "input_size": 80,
      "hidden_size": 128,
      "num_layers": 2,
      "dropout": 0.2,
      "bidirectional": false,
      "output_size": 3
    },
    "prediction_horizons": [
      1,
      7,
      30
    ],
    "device": "cuda",
    "training_history_length": 30
  },
  "training_samples": 501,
  "features_count": 80,
  "performance_metrics": {
    "mse": 9.782401320990175e-05,
    "mae": 0.00783221609890461,
    "rmse": 0.009890602267299082,
    "r2": -0.0039801383039190785,
    "directional_accuracy": 0.5158327290306985,
    "mean_uncertainty": 0.0001365357165923342,
    "directional_accuracy_1d": 0.5192168237853517,
    "directional_accuracy_7d": 0.5170413343002176,
    "directional_accuracy_30d": 0.5112400290065264
  },
  "training_history": {
    "loss": [
      0.05460156931076199,
      0.010930232849204913,
      0.0020761715350090526,
      0.0010021785201388411,
      0.0007314634676731657,
      0.0006208380364114419,
      0.0005378466084948741,
      0.00044694754797092173,
      0.00038786678305768874,
      0.00036401443867362104,
      0.0003285150269221049,
      0.00031039759414852597,
      0.0002805652275128523,
      0.00025561142138030846,
      0.00024747939369262895,
      0.000214598502680019,
      0.00022592063851334387,
      0.00020294899059081217,
      0.00019650592730613425,
      0.00018584066856419668,
      0.00017865105837699957,
      0.00017210230635100743,
      0.00016510292516613845,
      0.00015719830662419554,
      0.00015870373954385286,
      0.0001577366397214064,
      0.0001570985550642945,
      0.00015029586120363092,
      0.0001489971145929303,
      0.00013701558327738894
    ],
    "val_loss": [
      0.0002954808296635747,
      0.0001269790082005784,
      0.00010456824384164065,
      0.00016754482930991799,
      0.00020482797117438167,
      0.00011929766333196312,
      0.0001486449909862131,
      0.00010864862997550517,
      0.00011363060912117362,
      0.00011641135643003508,
      0.00010310688958270475,
      0.0001053156447596848,
      0.0001047674086294137,
      0.0001039502167259343,
      0.00010199169628322124,
      0.00010262292926199734,
      0.00010349205695092678,
      0.00010856330482056364,
      0.00010218566603725776,
      0.00010334631951991469,
      0.00010359023872297257,
      0.00010205715807387605,
      0.00010202049452345818,
      0.00010282789298798889,
      0.0001023419972625561,
      0.00010297069820808247,
      0.00010236544767394662,
      0.00010232956992695108,
      0.00010397654114058241,
      0.00010211134940618649
    ]
  },
  "data_days": 2000
}