{
  "model_name": "LSTM_USD/EUR_20250901_221946",
  "model_type": "lstm",
  "currency_pair": "USD/EUR",
  "model_id": "lstm_usdeur_20250901_221946",
  "created": "2025-09-01T22:19:46.493765",
  "file_path": "models/lstm_usdeur_20250901_221946/model.pth",
  "directory": "models/lstm_usdeur_20250901_221946",
  "model_info": {
    "model_type": "LSTMModel",
    "model_version": "1.0",
    "is_trained": true,
    "config": {
      "input_size": 81,
      "hidden_size": 128,
      "num_layers": 2,
      "dropout": 0.2,
      "bidirectional": false,
      "batch_size": 32,
      "learning_rate": 0.001,
      "epochs": 100,
      "patience": 15,
      "sequence_length": 60,
      "prediction_horizons": [
        1,
        7,
        30
      ],
      "train_test_split": 0.8,
      "validation_split": 0.2,
      "device": "cuda"
    },
    "parameter_count": 254790,
    "trainable_parameters": 254790,
    "architecture": {
      "input_size": 81,
      "hidden_size": 128,
      "num_layers": 2,
      "dropout": 0.2,
      "bidirectional": false,
      "output_size": 3
    },
    "prediction_horizons": [
      1,
      7,
      30
    ],
    "device": "cuda",
    "training_history_length": 61
  },
  "training_samples": 21,
  "features_count": 81,
  "performance_metrics": {
    "mse": 0.0001701814035186544,
    "mae": 0.010946924798190594,
    "rmse": 0.013045359462991214,
    "r2": -1.2094235548785517,
    "directional_accuracy": 0.5416666666666666,
    "mean_uncertainty": 0.002308478346094489,
    "directional_accuracy_1d": 0.5357142857142857,
    "directional_accuracy_7d": 0.5089285714285714,
    "directional_accuracy_30d": 0.5803571428571429
  },
  "training_history": {
    "loss": [
      0.08232451230287552,
      0.07779417186975479,
      0.072911337018013,
      0.0674588605761528,
      0.06350550055503845,
      0.06066051125526428,
      0.05838155746459961,
      0.05455967038869858,
      0.05184182524681091,
      0.049046192318201065,
      0.04510072246193886,
      0.041465964168310165,
      0.03777275234460831,
      0.03436044231057167,
      0.03067425638437271,
      0.02837451361119747,
      0.025480909273028374,
      0.023377027362585068,
      0.019919518381357193,
      0.017861153930425644,
      0.015566972084343433,
      0.013405825011432171,
      0.012239670380949974,
      0.010221479460597038,
      0.00908750668168068,
      0.007873021066188812,
      0.007031396962702274,
      0.006343953311443329,
      0.006033831741660833,
      0.005070988088846207,
      0.004606116563081741,
      0.00443408265709877,
      0.0032268413342535496,
      0.003084861673414707,
      0.0034457312431186438,
      0.0029674863908439875,
      0.0021470484789460897,
      0.0026937176007777452,
      0.002143485937267542,
      0.001826740219257772,
      0.0024565488565713167,
      0.002784497570246458,
      0.002090721856802702,
      0.001954374834895134,
      0.002163603203371167,
      0.0022542448714375496,
      0.002032306045293808,
      0.0022424550261348486,
      0.0011686710640788078,
      0.0015922458842396736,
      0.0023719044402241707,
      0.0018997229635715485,
      0.001545382896438241,
      0.0013029722031205893,
      0.0018265029648318887,
      0.0017914300551638007,
      0.0013868216192349792,
      0.001243945094756782,
      0.002049804897978902,
      0.0012479701545089483,
      0.0015242077643051744
    ],
    "val_loss": [
      0.01241468545049429,
      0.009012800641357899,
      0.0057145943865180016,
      0.002632729010656476,
      0.0009727130527608097,
      0.0017946040024980903,
      0.0019444756908342242,
      0.0011135441018268466,
      0.00039132245001383126,
      0.0004886321257799864,
      0.0009518180740997195,
      0.0008291624835692346,
      0.0004511692968662828,
      0.0003211934817954898,
      0.00036901491694152355,
      0.0004270832287147641,
      0.00041486829286441207,
      0.0003633132728282362,
      0.0004459761257749051,
      0.0006235803593881428,
      0.0006388499750755727,
      0.0005799860809929669,
      0.00045887933811172843,
      0.0003542960621416569,
      0.0003207077388651669,
      0.0002761653158813715,
      0.000223652517888695,
      0.00016138503269758075,
      0.00029711041133850813,
      0.00048283953219652176,
      0.00045059260446578264,
      0.00039688273682259023,
      0.00038602182758040726,
      0.0003521415637806058,
      0.00022297787654679269,
      0.00013306165055837482,
      0.00016056816093623638,
      0.0002747153921518475,
      0.000498782901559025,
      0.0007027190295048058,
      0.0005600246367976069,
      0.00027363080880604684,
      0.00012011629587505013,
      8.792637527221814e-05,
      8.260380855062976e-05,
      6.423296144930646e-05,
      0.0001930829166667536,
      0.00048615297419019043,
      0.0009150787373073399,
      0.0010972919408231974,
      0.0008030936005525291,
      0.0003828215994872153,
      0.00011223672481719404,
      9.670080180512741e-05,
      9.924434561980888e-05,
      0.00016520563804078847,
      0.00036543066380545497,
      0.0005145633476786315,
      0.00040629965951666236,
      0.00029655403341166675,
      0.00018303794786334038
    ]
  },
  "data_days": 200
}