{
  "model_name": "LSTM_USD/EUR",
  "model_type": "lstm",
  "currency_pair": "USD/EUR",
  "model_id": "lstm_usdeur",
  "created": "2025-10-12T06:04:56.115786",
  "file_path": "models/lstm_usdeur/model.pth",
  "directory": "models/lstm_usdeur",
  "model_info": {
    "model_type": "LSTMModel",
    "model_version": "1.0",
    "is_trained": true,
    "config": {
      "input_size": 63,
      "hidden_size": 128,
      "num_layers": 2,
      "dropout": 0.2,
      "bidirectional": false,
      "batch_size": 32,
      "learning_rate": 0.001,
      "epochs": 100,
      "patience": 15,
      "sequence_length": 30,
      "prediction_horizons": [
        1,
        7,
        30
      ],
      "train_test_split": 0.7,
      "validation_split": 0.15,
      "device": "cuda"
    },
    "parameter_count": 245574,
    "trainable_parameters": 245574,
    "architecture": {
      "input_size": 63,
      "hidden_size": 128,
      "num_layers": 2,
      "dropout": 0.2,
      "bidirectional": false,
      "output_size": 3
    },
    "prediction_horizons": [
      1,
      7,
      30
    ],
    "device": "cuda",
    "training_history_length": 17
  },
  "training_samples": 308,
  "features_count": 63,
  "performance_metrics": {
    "mse": 0.00041586949373595417,
    "mae": 0.014099554158747196,
    "rmse": 0.020392878505398747,
    "r2": -0.37427544423747894,
    "directional_accuracy": 0.48998822143698467,
    "mean_uncertainty": 0.0005574660608544946,
    "directional_accuracy_1d": 0.5064782096584217,
    "directional_accuracy_7d": 0.4958775029446408,
    "directional_accuracy_30d": 0.46760895170789163
  },
  "training_history": {
    "loss": [
      0.07220649048686027,
      0.04425172675400972,
      0.015485962573438882,
      0.004533059266395867,
      0.0018767771543934941,
      0.0011856342782266438,
      0.000870146369561553,
      0.0007550963549874723,
      0.0006645422021392733,
      0.0006347531045321376,
      0.0006124677660409361,
      0.0005052305583376438,
      0.0004882789828116074,
      0.0004657823621528223,
      0.000451735730166547,
      0.0004553616337943822,
      0.0003627709433203563
    ],
    "val_loss": [
      0.0007422554190270603,
      0.00015728457947261631,
      0.0003126290685031563,
      0.00033169708331115544,
      0.00020295428112149239,
      0.000273964338703081,
      0.00022540598001796752,
      0.00021721281518694013,
      0.00024100288283079863,
      0.0002137568371836096,
      0.00028060266049578786,
      0.00022383773466572165,
      0.0002870263415388763,
      0.00023974500072654337,
      0.00020682883041445166,
      0.0003088913217652589,
      0.00024283284437842667
    ]
  },
  "data_days": 1095
}