{
  "model_name": "LSTM_USD/EUR",
  "model_type": "lstm",
  "currency_pair": "USD/EUR",
  "model_id": "lstm_usdeur",
  "created": "2025-09-22T02:46:26.286416",
  "file_path": "models/lstm_usdeur/model.pth",
  "directory": "models/lstm_usdeur",
  "model_info": {
    "model_type": "LSTMModel",
    "model_version": "1.0",
    "is_trained": true,
    "config": {
      "input_size": 46,
      "hidden_size": 128,
      "num_layers": 2,
      "dropout": 0.2,
      "bidirectional": false,
      "batch_size": 32,
      "learning_rate": 0.001,
      "epochs": 100,
      "patience": 15,
      "sequence_length": 30,
      "prediction_horizons": [
        1,
        7,
        30
      ],
      "train_test_split": 0.7,
      "validation_split": 0.15,
      "device": "cuda"
    },
    "parameter_count": 236870,
    "trainable_parameters": 236870,
    "architecture": {
      "input_size": 46,
      "hidden_size": 128,
      "num_layers": 2,
      "dropout": 0.2,
      "bidirectional": false,
      "output_size": 3
    },
    "prediction_horizons": [
      1,
      7,
      30
    ],
    "device": "cuda",
    "training_history_length": 25
  },
  "training_samples": 47,
  "features_count": 46,
  "performance_metrics": {
    "mse": 0.00018537574214860797,
    "mae": 0.011372578330338001,
    "rmse": 0.013615276058479606,
    "r2": -4.861042761966892,
    "directional_accuracy": 0.5112781954887219,
    "mean_uncertainty": 0.0061853439547121525,
    "directional_accuracy_1d": 0.518796992481203,
    "directional_accuracy_7d": 0.5112781954887218,
    "directional_accuracy_30d": 0.5037593984962406
  },
  "training_history": {
    "loss": [
      0.0720551572740078,
      0.0677349641919136,
      0.06559674814343452,
      0.061980338767170906,
      0.05592631176114082,
      0.048041870817542076,
      0.04067208431661129,
      0.03419995680451393,
      0.02814408391714096,
      0.0226127952337265,
      0.01770630106329918,
      0.014114443212747574,
      0.01087979506701231,
      0.00819419207982719,
      0.006405022460967302,
      0.0049460334703326225,
      0.004007370676845312,
      0.0031481204787269235,
      0.0025997566990554333,
      0.002245662035420537,
      0.0017892749165184796,
      0.00145965680712834,
      0.0013504319940693676,
      0.0011856000637635589,
      0.0010544783144723624
    ],
    "val_loss": [
      0.0010031148558482528,
      0.00013088044943287969,
      0.0009361057309433818,
      0.0006268118740990758,
      0.00020854671311099082,
      0.00013761698210146278,
      0.000258087704423815,
      0.000277088227448985,
      9.647731349105015e-05,
      5.400832378654741e-05,
      0.00014793674927204847,
      0.00033815676579251885,
      6.553828279720619e-05,
      8.918124513002113e-05,
      0.00021275218750815839,
      0.0002654758864082396,
      0.00014462452963925898,
      6.446334009524435e-05,
      0.00013340229634195566,
      0.00025186140555888414,
      0.0002007930597756058,
      0.00016310825594700873,
      0.00010646197915775701,
      0.00010290807404089719,
      0.0001576541835675016
    ]
  },
  "data_days": 365
}