{
  "model_name": "LSTM_USD/EUR",
  "model_type": "lstm",
  "currency_pair": "USD/EUR",
  "model_id": "lstm_usdeur",
  "created": "2025-09-01T21:40:43.246515",
  "file_path": "/home/spandan/projects/spec_project_2/currency_assistant/models/lstm_usdeur/model.pth",
  "directory": "/home/spandan/projects/spec_project_2/currency_assistant/models/lstm_usdeur",
  "model_info": {
    "model_type": "LSTMModel",
    "model_version": "1.0",
    "is_trained": true,
    "config": {
      "input_size": 81,
      "hidden_size": 128,
      "num_layers": 2,
      "dropout": 0.2,
      "bidirectional": false,
      "batch_size": 32,
      "learning_rate": 0.001,
      "epochs": 100,
      "patience": 15,
      "sequence_length": 30,
      "prediction_horizons": [
        1,
        7,
        30
      ],
      "train_test_split": 0.7,
      "validation_split": 0.15,
      "device": "cuda"
    },
    "parameter_count": 254790,
    "trainable_parameters": 254790,
    "architecture": {
      "input_size": 81,
      "hidden_size": 128,
      "num_layers": 2,
      "dropout": 0.2,
      "bidirectional": false,
      "output_size": 3
    },
    "prediction_horizons": [
      1,
      7,
      30
    ],
    "device": "cuda",
    "training_history_length": 37
  },
  "training_samples": 501,
  "features_count": 81,
  "performance_metrics": {
    "mse": 9.801558189792559e-05,
    "mae": 0.007843967527151108,
    "rmse": 0.009900281910022844,
    "r2": -0.005946191309003757,
    "directional_accuracy": 0.5158327290306985,
    "mean_uncertainty": 0.0001353308034595102,
    "directional_accuracy_1d": 0.5192168237853517,
    "directional_accuracy_7d": 0.5170413343002176,
    "directional_accuracy_30d": 0.5112400290065264
  },
  "training_history": {
    "loss": [
      0.06505528558045626,
      0.019979183445684612,
      0.004681636957684532,
      0.002037537589785643,
      0.0013333466267795302,
      0.0011101592717750464,
      0.0008936677149904426,
      0.0008293627797684167,
      0.0007121408634702675,
      0.0005482190044858726,
      0.0005588224958046339,
      0.0005049147894169437,
      0.0005036748989368789,
      0.00043214927063672803,
      0.0003966959011449944,
      0.00037337091271183454,
      0.00032689965883037075,
      0.0003092516326432815,
      0.0002933321311502368,
      0.0002983316280733561,
      0.0002654835761859431,
      0.0002646992734298692,
      0.0002508998732082546,
      0.00023847092779760715,
      0.00022401346450351411,
      0.00022077457651903387,
      0.0002162949531339109,
      0.00020246476469765184,
      0.00020210607090120902,
      0.00019587475981097668,
      0.00018922598883364117,
      0.00017699463751341682,
      0.0001841732073444291,
      0.00017454113185522147,
      0.00016705392499716254,
      0.0001681922331044916,
      0.00016300634570143302
    ],
    "val_loss": [
      0.0020402083173394203,
      0.00018771679606288671,
      0.0002866229915525764,
      0.0003548643144313246,
      0.00011341679783072323,
      0.00019106475519947708,
      0.00013587622379418463,
      0.00012786062143277377,
      0.00016657596279401332,
      0.0001722621382214129,
      0.00010395720164524391,
      0.00014002210809849203,
      0.00014150601055007428,
      0.0001033219086821191,
      0.00011831654410343617,
      0.00010575215128483251,
      0.00010855247819563374,
      0.00010784083133330569,
      0.00011689570965245366,
      0.00012776405492331833,
      0.00010203577403444797,
      0.00010179466335102916,
      0.0001043340380419977,
      0.00011086813901783898,
      0.00010822680633282289,
      0.00010591260070214048,
      0.00011179196008015424,
      0.0001029396808007732,
      0.00010680595005396754,
      0.00010519957140786573,
      0.0001054726672009565,
      0.00010466764069860801,
      0.0001030341227306053,
      0.00010926086542895064,
      0.00010418846068205312,
      0.00010277824912918732,
      0.00010266929166391492
    ]
  },
  "data_days": 2000
}