{
    "ALFA": {
        "test_rmse": 0.01865041001162214,
        "test_mae": 0.016085795287408822,
        "test_r2": 0.8732723137057077
    },
    "LSTM_Transformer": {
        "test_rmse": 0.010962020417869025,
        "test_mae": 0.008398727870556628,
        "test_r2": 0.9562199804064582
    },
    "BiLSTM_MultiHead": {
        "test_rmse": 0.05404007607324009,
        "test_mae": 0.05293868064675007,
        "test_r2": -0.06396328508899374
    },
    "CNN_LSTM": {
        "test_rmse": 0.013166219340912281,
        "test_mae": 0.010753495693695814,
        "test_r2": 0.9368436664005897
    },
    "TCN": {
        "test_rmse": 0.06460913152970965,
        "test_mae": 0.06387538531441476,
        "test_r2": -0.5208365627659315
    },
    "NN_Ensemble": {
        "test_rmse": 0.017703066730003682,
        "test_mae": 0.015710466506462416,
        "test_r2": 0.8858195497920982,
        "weights": {
            "ALFA": 0.21045152203364337,
            "LSTM_Transformer": 0.3580550869162116,
            "BiLSTM_MultiHead": 0.07263141465933262,
            "CNN_LSTM": 0.2981119387325517,
            "TCN": 0.060750037658260696
        }
    }
}